{"cameraMode":{"drawMode":0,"name":"Shaded","section":"Shading Mode"},"sceneLighting":true,"audioPlay":false,"sceneViewState":{"showFog":true,"showMaterialUpdate":false,"showSkybox":true,"showFlares":true,"showImageEffects":true,"showParticleSystems":true},"in2DMode":false,"pivot":{"x":-16.693845748901368,"y":-5.270599365234375,"z":15.263374328613282},"rotation":{"x":0.1378224939107895,"y":-0.4218582212924957,"z":0.06505271792411804,"w":0.8937610387802124},"size":34.3707275390625,"orthographic":false}