{"cameraMode":{"drawMode":0,"name":"Shaded","section":"Shading Mode"},"sceneLighting":true,"audioPlay":false,"sceneViewState":{"showFog":true,"showMaterialUpdate":false,"showSkybox":true,"showFlares":true,"showImageEffects":true,"showParticleSystems":true},"in2DMode":false,"pivot":{"x":21.421262741088868,"y":12.382352828979493,"z":-1.3125},"rotation":{"x":0.30981504917144778,"y":-0.002852387260645628,"z":0.0009294508490711451,"w":0.950792133808136},"size":45.71791458129883,"orthographic":true}