{"cameraMode":{"drawMode":0,"name":"Shaded","section":"Shading Mode"},"sceneLighting":false,"audioPlay":false,"sceneViewState":{"showFog":true,"showMaterialUpdate":false,"showSkybox":true,"showFlares":true,"showImageEffects":true,"showParticleSystems":true},"in2DMode":false,"pivot":{"x":19.7841796875,"y":0.98565673828125,"z":2.0009765625},"rotation":{"x":-0.023025067523121835,"y":0.6819573044776917,"z":0.021488767117261888,"w":0.7307136654853821},"size":6.379907608032227,"orthographic":true}