{"cameraMode":{"drawMode":0,"name":"Shaded","section":"Shading Mode"},"sceneLighting":true,"audioPlay":false,"sceneViewState":{"showFog":true,"showMaterialUpdate":true,"showSkybox":true,"showFlares":true,"showImageEffects":true,"showParticleSystems":true},"in2DMode":false,"pivot":{"x":-3.0,"y":-0.5347691774368286,"z":-5.960464477539063e-8},"rotation":{"x":0.08389772474765778,"y":-0.00896806176751852,"z":0.0007551129092462361,"w":0.9964337944984436},"size":6.623663425445557,"orthographic":true}