{"cameraMode":{"drawMode":0,"name":"Shaded","section":"Shading Mode"},"sceneLighting":false,"audioPlay":false,"sceneViewState":{"showFog":true,"showMaterialUpdate":true,"showSkybox":true,"showFlares":true,"showImageEffects":true,"showParticleSystems":true},"in2DMode":false,"pivot":{"x":-7.630000114440918,"y":0.050000011920928958,"z":0.0},"rotation":{"x":-0.2416866272687912,"y":0.12821903824806214,"z":-0.03223615884780884,"w":-0.961305558681488},"size":4.286825656890869,"orthographic":false}