{"cameraMode":{"drawMode":0,"name":"Shaded","section":"Shading Mode"},"sceneLighting":true,"audioPlay":false,"sceneViewState":{"showFog":true,"showMaterialUpdate":true,"showSkybox":true,"showFlares":true,"showImageEffects":true,"showParticleSystems":true},"in2DMode":false,"pivot":{"x":-1.3269838094711304,"y":0.5358606576919556,"z":-8.424272537231446},"rotation":{"x":0.00025823432952165604,"y":0.996929943561554,"z":-0.07822994142770767,"w":0.0032906916458159687},"size":6.175622463226318,"orthographic":false}