{"cameraMode":{"drawMode":0,"name":"Shaded","section":"Shading Mode"},"sceneLighting":true,"audioPlay":false,"sceneViewState":{"showFog":true,"showMaterialUpdate":true,"showSkybox":true,"showFlares":true,"showImageEffects":true,"showParticleSystems":true},"in2DMode":false,"pivot":{"x":-0.3420107364654541,"y":-1.6314711570739747,"z":2.899287700653076},"rotation":{"x":-0.2614588439464569,"y":-0.0933530256152153,"z":0.025415627285838128,"w":-0.9603533744812012},"size":6.175622463226318,"orthographic":false}