{"cameraMode":{"drawMode":0,"name":"Shaded","section":"Shading Mode"},"sceneLighting":true,"audioPlay":false,"sceneViewState":{"showFog":true,"showMaterialUpdate":false,"showSkybox":true,"showFlares":true,"showImageEffects":true,"showParticleSystems":true},"in2DMode":false,"pivot":{"x":0.5098158717155457,"y":6.207513809204102,"z":13.3203125},"rotation":{"x":0.2493368238210678,"y":-0.005810456816107035,"z":0.0014960410771891475,"w":0.9683982729911804},"size":55.48478317260742,"orthographic":false}