{"cameraMode":{"drawMode":0,"name":"Shaded","section":"Shading Mode"},"sceneLighting":true,"audioPlay":false,"sceneViewState":{"showFog":true,"showMaterialUpdate":false,"showSkybox":true,"showFlares":true,"showImageEffects":true,"showParticleSystems":true},"in2DMode":false,"pivot":{"x":-7.489818572998047,"y":-2.9306888580322267,"z":18.497661590576173},"rotation":{"x":0.15477922558784486,"y":-0.33498257398605349,"z":0.05588684231042862,"w":0.9277428388595581},"size":27.819412231445314,"orthographic":false}