{"cameraMode":{"drawMode":0,"name":"Shaded","section":"Shading Mode"},"sceneLighting":false,"audioPlay":false,"sceneViewState":{"showFog":true,"showMaterialUpdate":false,"showSkybox":true,"showFlares":true,"showImageEffects":true,"showParticleSystems":true},"in2DMode":false,"pivot":{"x":2.930000066757202,"y":0.7799999713897705,"z":7.899999618530273},"rotation":{"x":0.7134422659873962,"y":-6.477839792351503e-11,"z":2.892552031230622e-10,"w":0.7007140517234802},"size":2.8578834533691408,"orthographic":false}